name,email,phone,address,created_at
Customer 1,user1@example.com,999000001,City,2024-11-16
Customer 2,user2@example.com,999000002,City,2024-11-16
Customer 3,user3@example.com,999000003,City,2025-02-10
Customer 4,user4@example.com,999000004,City,2025-07-08
Customer 5,user5@example.com,999000005,City,2025-06-04
Customer 6,user6@example.com,999000006,City,2025-01-16
Customer 7,user7@example.com,999000007,City,2024-12-25
Customer 8,user8@example.com,999000008,City,2025-06-03
Customer 9,user9@example.com,999000009,City,2025-10-22
Customer 10,user10@example.com,999000010,City,2025-04-04
Customer 11,user11@example.com,999000011,City,2025-05-07
Customer 12,user12@example.com,999000012,City,2025-03-16
Customer 13,user13@example.com,999000013,City,2025-04-07
Customer 14,user14@example.com,999000014,City,2025-03-04
Customer 15,user15@example.com,999000015,City,2025-02-11
Customer 16,user16@example.com,999000016,City,2025-04-10
Customer 17,user17@example.com,999000017,City,2025-03-31
Customer 18,user18@example.com,999000018,City,2024-12-14
Customer 19,user19@example.com,999000019,City,2025-04-15
Customer 20,user20@example.com,999000020,City,2025-02-05
Customer 21,user21@example.com,999000021,City,2024-12-31
Customer 22,user22@example.com,999000022,City,2025-04-03
Customer 23,user23@example.com,999000023,City,2025-02-16
Customer 24,user24@example.com,999000024,City,2025-10-30
Customer 25,user25@example.com,999000025,City,2024-12-24
Customer 26,user26@example.com,999000026,City,2025-09-07
Customer 27,user27@example.com,999000027,City,2025-10-11
Customer 28,user28@example.com,999000028,City,2025-11-01
Customer 29,user29@example.com,999000029,City,2025-09-18
Customer 30,user30@example.com,999000030,City,2025-07-27
Customer 31,user31@example.com,999000031,City,2025-05-14
Customer 32,user32@example.com,999000032,City,2024-12-02
Customer 33,user33@example.com,999000033,City,2025-11-11
Customer 34,user34@example.com,999000034,City,2024-12-17
Customer 35,user35@example.com,999000035,City,2025-01-15
Customer 36,user36@example.com,999000036,City,2025-01-10
Customer 37,user37@example.com,999000037,City,2024-12-06
Customer 38,user38@example.com,999000038,City,2025-01-26
Customer 39,user39@example.com,999000039,City,2025-08-31
Customer 40,user40@example.com,999000040,City,2025-05-08
Customer 41,user41@example.com,999000041,City,2025-02-15
Customer 42,user42@example.com,999000042,City,2025-09-16
Customer 43,user43@example.com,999000043,City,2025-09-06
Customer 44,user44@example.com,999000044,City,2025-01-29
Customer 45,user45@example.com,999000045,City,2025-06-22
Customer 46,user46@example.com,999000046,City,2025-03-01
Customer 47,user47@example.com,999000047,City,2025-07-29
Customer 48,user48@example.com,999000048,City,2025-08-18
Customer 49,user49@example.com,999000049,City,2024-12-01
Customer 50,user50@example.com,999000050,City,2025-03-12
Customer 51,user51@example.com,999000051,City,2025-02-03
Customer 52,user52@example.com,999000052,City,2025-08-14
Customer 53,user53@example.com,999000053,City,2025-01-19
Customer 54,user54@example.com,999000054,City,2025-04-28
Customer 55,user55@example.com,999000055,City,2025-09-12
Customer 56,user56@example.com,999000056,City,2025-05-15
Customer 57,user57@example.com,999000057,City,2025-01-15
Customer 58,user58@example.com,999000058,City,2025-04-04
Customer 59,user59@example.com,999000059,City,2025-01-22
Customer 60,user60@example.com,999000060,City,2025-04-15
Customer 61,user61@example.com,999000061,City,2025-05-15
Customer 62,user62@example.com,999000062,City,2025-10-27
Customer 63,user63@example.com,999000063,City,2025-05-22
Customer 64,user64@example.com,999000064,City,2024-11-21
Customer 65,user65@example.com,999000065,City,2024-12-13
Customer 66,user66@example.com,999000066,City,2025-08-14
Customer 67,user67@example.com,999000067,City,2024-11-18
Customer 68,user68@example.com,999000068,City,2025-09-23
Customer 69,user69@example.com,999000069,City,2025-07-28
Customer 70,user70@example.com,999000070,City,2025-07-11
Customer 71,user71@example.com,999000071,City,2025-03-06
Customer 72,user72@example.com,999000072,City,2025-09-04
Customer 73,user73@example.com,999000073,City,2025-01-31
Customer 74,user74@example.com,999000074,City,2025-04-05
Customer 75,user75@example.com,999000075,City,2024-11-24
Customer 76,user76@example.com,999000076,City,2025-03-06
Customer 77,user77@example.com,999000077,City,2025-09-01
Customer 78,user78@example.com,999000078,City,2025-10-03
Customer 79,user79@example.com,999000079,City,2025-03-12
Customer 80,user80@example.com,999000080,City,2025-09-28
Customer 81,user81@example.com,999000081,City,2025-04-24
Customer 82,user82@example.com,999000082,City,2025-01-12
Customer 83,user83@example.com,999000083,City,2025-01-03
Customer 84,user84@example.com,999000084,City,2025-06-11
Customer 85,user85@example.com,999000085,City,2024-12-23
Customer 86,user86@example.com,999000086,City,2025-06-09
Customer 87,user87@example.com,999000087,City,2025-03-17
Customer 88,user88@example.com,999000088,City,2025-11-10
Customer 89,user89@example.com,999000089,City,2025-03-25
Customer 90,user90@example.com,999000090,City,2024-12-17
Customer 91,user91@example.com,999000091,City,2025-10-23
Customer 92,user92@example.com,999000092,City,2024-12-17
Customer 93,user93@example.com,999000093,City,2025-05-17
Customer 94,user94@example.com,999000094,City,2025-03-26
Customer 95,user95@example.com,999000095,City,2025-05-09
Customer 96,user96@example.com,999000096,City,2025-07-03
Customer 97,user97@example.com,999000097,City,2025-03-29
Customer 98,user98@example.com,999000098,City,2025-06-18
Customer 99,user99@example.com,999000099,City,2025-08-20
Customer 100,user100@example.com,999000100,City,2025-11-11
